{
  "version": 5,
  "dataForRoots": [
    {
      "commitData": [
        {
          "changeDescriptions": null,
          "duration": 18.99999999953434,
          "effectDuration": null,
          "fiberActualDurations": [
            [
              9,
              18.99999999953434
            ]
          ],
          "fiberSelfDurations": [
            [
              9,
              13.799999999813735
            ]
          ],
          "passiveEffectDuration": null,
          "priorityLevel": "Immediate",
          "timestamp": 1534.1999999997206,
          "updaters": [
            {
              "displayName": "InputArea",
              "id": 9,
              "key": null,
              "type": 8,
              "hocDisplayNames": [
                "Memo"
              ]
            }
          ]
        },
        {
          "changeDescriptions": null,
          "duration": 19.800000000279397,
          "effectDuration": 0,
          "fiberActualDurations": [
            [
              9,
              7
            ],
            [
              26,
              9.200000000186265
            ],
            [
              7,
              19.800000000279397
            ]
          ],
          "fiberSelfDurations": [
            [
              9,
              3.7000000001862645
            ],
            [
              26,
              8.200000000186265
            ],
            [
              7,
              3
            ]
          ],
          "passiveEffectDuration": 10.100000000093132,
          "priorityLevel": "Immediate",
          "timestamp": 3102.600000000093,
          "updaters": [
            {
              "displayName": "Editor",
              "id": 7,
              "key": null,
              "type": 8,
              "hocDisplayNames": [
                "Memo"
              ]
            }
          ]
        },
        {
          "changeDescriptions": null,
          "duration": 213.7000000011176,
          "effectDuration": null,
          "fiberActualDurations": [
            [
              29,
              210.10000000102445
            ],
            [
              26,
              213.7000000011176
            ]
          ],
          "fiberSelfDurations": [
            [
              29,
              63.40000000037253
            ],
            [
              26,
              3.3000000002793968
            ]
          ],
          "passiveEffectDuration": null,
          "priorityLevel": "Normal",
          "timestamp": 3499.1999999997206,
          "updaters": [
            {
              "displayName": "OutputArea",
              "id": 26,
              "key": null,
              "type": 8,
              "hocDisplayNames": [
                "Memo"
              ]
            }
          ]
        }
      ],
      "displayName": "App",
      "initialTreeBaseDurations": [
        [
          1,
          12.699999999254942
        ],
        [
          3,
          8.899999999441206
        ],
        [
          7,
          5.999999999534339
        ],
        [
          9,
          2.9999999995343387
        ],
        [
          26,
          1.2000000001862645
        ]
      ],
      "operations": [
        [
          1,
          1,
          0,
          4,
          9,
          15800,
          4,
          7,
          18800,
          4,
          3,
          21700,
          4,
          1,
          25500
        ],
        [
          1,
          1,
          0,
          4,
          9,
          5199,
          4,
          26,
          9000,
          4,
          7,
          17799,
          4,
          3,
          20699,
          4,
          1,
          24499
        ],
        [
          1,
          1,
          6,
          5,
          84,
          97,
          98,
          108,
          101,
          1,
          29,
          8,
          26,
          26,
          1,
          0,
          4,
          29,
          104600,
          4,
          26,
          108000,
          4,
          7,
          116800,
          4,
          3,
          119700,
          4,
          1,
          123500
        ]
      ],
      "rootID": 1,
      "snapshots": [
        [
          1,
          {
            "id": 1,
            "children": [
              3
            ],
            "displayName": null,
            "hocDisplayNames": null,
            "key": null,
            "type": 11
          }
        ],
        [
          3,
          {
            "id": 3,
            "children": [
              7
            ],
            "displayName": "App",
            "hocDisplayNames": [
              "Memo"
            ],
            "key": null,
            "type": 8
          }
        ],
        [
          7,
          {
            "id": 7,
            "children": [
              9,
              26
            ],
            "displayName": "Editor",
            "hocDisplayNames": [
              "Memo"
            ],
            "key": null,
            "type": 8
          }
        ],
        [
          9,
          {
            "id": 9,
            "children": [],
            "displayName": "InputArea",
            "hocDisplayNames": [
              "Memo"
            ],
            "key": null,
            "type": 8
          }
        ],
        [
          26,
          {
            "id": 26,
            "children": [],
            "displayName": "OutputArea",
            "hocDisplayNames": [
              "Memo"
            ],
            "key": null,
            "type": 8
          }
        ]
      ]
    }
  ],
  "timelineData": [
    {
      "batchUIDToMeasuresKeyValueArray": [
        [
          1,
          [
            {
              "type": "render-idle",
              "batchUID": 1,
              "depth": 0,
              "lanes": [
                1
              ],
              "timestamp": 11.899999999906868,
              "duration": 32.5
            },
            {
              "type": "render",
              "batchUID": 1,
              "depth": 0,
              "lanes": [
                1
              ],
              "timestamp": 12.100000000093132,
              "duration": 21.699999999720603
            },
            {
              "type": "commit",
              "batchUID": 1,
              "depth": 0,
              "lanes": [
                1
              ],
              "timestamp": 34.299999999813735,
              "duration": 9.600000000093132
            },
            {
              "type": "layout-effects",
              "batchUID": 1,
              "depth": 1,
              "lanes": [
                1
              ],
              "timestamp": 37.60000000009313,
              "duration": 0.7999999998137355
            }
          ]
        ],
        [
          2,
          [
            {
              "type": "render-idle",
              "batchUID": 2,
              "depth": 0,
              "lanes": [
                1
              ],
              "timestamp": 1586.2999999998137,
              "duration": 33.89999999990687
            },
            {
              "type": "render",
              "batchUID": 2,
              "depth": 0,
              "lanes": [
                1
              ],
              "timestamp": 1586.2999999998137,
              "duration": 20.5
            },
            {
              "type": "commit",
              "batchUID": 2,
              "depth": 0,
              "lanes": [
                1
              ],
              "timestamp": 1607,
              "duration": 13.199999999720603
            },
            {
              "type": "layout-effects",
              "batchUID": 2,
              "depth": 1,
              "lanes": [
                1
              ],
              "timestamp": 1607.8999999999069,
              "duration": 0.10000000009313226
            },
            {
              "type": "passive-effects",